Carbs,Acetate,Propionate,Butyrate
Lactitol,0.609251925441609,0.161821584529799,0.228926490028592
