Time,Bacteroides_fragilis,Bifido_longum,Bifido_breve,Bifido_adolescentis,Eubacterium_hallii,Faecalibacterium_prausnitzii,Roseburia_intestinalis
Baseline RA,0.00335185315752737,0.00581084295632022,0.00421857015049979,0.0170604511170225,0.0116601361930965,0.0794648026252982,0.013516519635997
Intervention RA,0.00617148103375342,0.000930937805627431,0.00653610678091217,0.00140722644612067,0.00709908857066183,0.0606734217614271,0.00772546257594014
