Time(h),SCFA(mmol)
0,0
30,0.944444444
60,1.343434343
90,1.575757576
120,1.686868687