Carbs,Acetate,Propionate,Butyrate
FOS,0.795794196823537,0.130613258425782,0.0735925447506813
