Carbs,Acetate,Propionate,Butyrate
FOS,0.795794196823537,0.130613258425782,0.0735925447506813
Lactulose,0.861494177307566,0.0456797688069953,0.0928260538854386
Pectin,0.710743355763308,0.196074774591493,0.0931818696451988
Lactitol,0.609251925441609,0.161821584529799,0.228926490028592
