Time;Bacteroides_fragilis;Bifido_longum;Bifido_breve;Bifido_adolescentis;Eubacterium_hallii;Faecalibacterium_prausnitzii;Roseburia_intestinalis
Baseline AA;0.344734799161616;0.597639480419389;0.433875789073812;1.75465061058102;1.19923353435014;8.17287675980953;1.39016074484504
Baseline RA;0.00335185315752737;0.00581084295632022;0.00421857015049979;0.0170604511170225;0.0116601361930965;0.0794648026252982;0.013516519635997
Baseline RA_exp;0.00287367586679615;0.00329510936084762;0.00036112514387954;0.0169248200829294;0.0227743749087518;0.0751494003682979;0.0137046701042591
Intervention AA;0.429781675059573;0.0648304689410193;0.455174196486221;0.0979991894804609;0.494380224229531;4.22529449472565;0.538000883149155
Intervention RA;0.00617148103375342;0.000930937805627431;0.00653610678091217;0.00140722644612067;0.00709908857066183;0.0606734217614271;0.00772546257594014
Intervention RA_exp;0.0040241511172372;0.000138403709089742;1.01422053227437e-05;5.08119204557778e-06;0.0270640788038911;0.0511919118071126;0.00810995613974382
