Time(h),SCFA(mmol)
0,0
30,0.227272727
60,0.348484848
90,0.404040404
120,0.52020202