Time(h),SCFA(mmol)
0,0
30,0.787878788
60,1.237373737
90,1.525252525
120,1.641414141