Carbs,Acetate,Propionate,Butyrate
Lactulose,0.861494177307566,0.0456797688069953,0.0928260538854386
