Carbs,Acetate,Propionate,Butyrate
Pectin,0.710743355763308,0.196074774591493,0.0931818696451988
