Time(min),SCFA(mmol)
0,0
30,0.994949495
60,1.398989899
90,1.439393939
120,1.54040404